{"cameraMode":{"drawMode":0,"name":"Shaded","section":"Shading Mode"},"sceneLighting":true,"audioPlay":false,"sceneViewState":{"m_AlwaysRefresh":false,"showFog":true,"showSkybox":true,"showFlares":true,"showImageEffects":true,"showParticleSystems":true,"showVisualEffectGraphs":true,"m_FxEnabled":true},"in2DMode":false,"pivot":{"x":531.1600341796875,"y":103.43335723876953,"z":-361.6907958984375},"rotation":{"x":0.10283588618040085,"y":-0.05724630877375603,"z":-0.005977216176688671,"w":-0.9930596351623535},"size":4.169308662414551,"orthographic":false}