{"cameraMode":{"drawMode":0,"name":"Shaded","section":"Shading Mode"},"sceneLighting":true,"audioPlay":false,"sceneViewState":{"m_AlwaysRefresh":false,"showFog":true,"showSkybox":true,"showFlares":true,"showImageEffects":true,"showParticleSystems":true,"showVisualEffectGraphs":true,"m_FxEnabled":true},"in2DMode":false,"pivot":{"x":390.76385498046877,"y":68.44456481933594,"z":-225.92271423339845},"rotation":{"x":0.07158508151769638,"y":-0.20262211561203004,"z":-0.014941427856683731,"w":-0.9765685796737671},"size":4.169308662414551,"orthographic":false}